{"cameraMode":{"drawMode":0,"name":"Shaded","section":"Shading Mode"},"sceneLighting":false,"audioPlay":false,"sceneViewState":{"showFog":true,"showMaterialUpdate":false,"showSkybox":false,"showFlares":true,"showImageEffects":true,"showParticleSystems":true},"in2DMode":false,"pivot":{"x":580.0152587890625,"y":268.0671081542969,"z":-7.1627197265625},"rotation":{"x":-0.03779938071966171,"y":-0.008396749384701252,"z":0.00031758210388943553,"w":-0.999250054359436},"size":1303.6392822265625,"orthographic":false}