{"cameraMode":{"drawMode":0,"name":"Shaded","section":"Shading Mode"},"sceneLighting":false,"audioPlay":false,"sceneViewState":{"showFog":true,"showMaterialUpdate":false,"showSkybox":false,"showFlares":true,"showImageEffects":true,"showParticleSystems":true},"in2DMode":false,"pivot":{"x":521.1986083984375,"y":435.4707336425781,"z":33.54766845703125},"rotation":{"x":-0.0512794591486454,"y":-0.017379077151417733,"z":0.0008924510329961777,"w":-0.998532772064209},"size":765.1663818359375,"orthographic":false}