{"cameraMode":{"drawMode":0,"name":"Shaded","section":"Shading Mode"},"sceneLighting":false,"audioPlay":false,"sceneViewState":{"showFog":true,"showMaterialUpdate":false,"showSkybox":false,"showFlares":true,"showImageEffects":true,"showParticleSystems":true},"in2DMode":false,"pivot":{"x":498.7044372558594,"y":311.1343688964844,"z":14.07049560546875},"rotation":{"x":0.011685464531183243,"y":-0.027897324413061143,"z":-0.00032619075500406325,"w":-0.9995424747467041},"size":653.3257446289063,"orthographic":false}