{"cameraMode":{"drawMode":0,"name":"Shaded","section":"Shading Mode"},"sceneLighting":false,"audioPlay":false,"sceneViewState":{"showFog":true,"showMaterialUpdate":false,"showSkybox":false,"showFlares":true,"showImageEffects":true,"showParticleSystems":true},"in2DMode":false,"pivot":{"x":619.5859375,"y":314.3965759277344,"z":-4.28076171875},"rotation":{"x":-0.05876973271369934,"y":-0.014377458952367306,"z":0.0008464623824693263,"w":-0.9981676936149597},"size":1006.8115234375,"orthographic":false}