{"cameraMode":{"drawMode":0,"name":"Shaded","section":"Shading Mode"},"sceneLighting":false,"audioPlay":false,"sceneViewState":{"showFog":true,"showMaterialUpdate":false,"showSkybox":false,"showFlares":true,"showImageEffects":true,"showParticleSystems":true},"in2DMode":false,"pivot":{"x":647.4884033203125,"y":280.58111572265627,"z":-0.60894775390625},"rotation":{"x":-0.05876973271369934,"y":-0.014377458952367306,"z":0.0008464623824693263,"w":-0.9981676936149597},"size":797.8952026367188,"orthographic":false}