{"cameraMode":{"drawMode":0,"name":"Shaded","section":"Shading Mode"},"sceneLighting":false,"audioPlay":false,"sceneViewState":{"showFog":true,"showMaterialUpdate":false,"showSkybox":false,"showFlares":true,"showImageEffects":true,"showParticleSystems":true},"in2DMode":false,"pivot":{"x":529.3328857421875,"y":256.51544189453127,"z":-2.25054931640625},"rotation":{"x":-0.05876973271369934,"y":-0.014377458952367306,"z":0.0008464623824693263,"w":-0.9981676936149597},"size":890.7430419921875,"orthographic":false}