{"cameraMode":{"drawMode":0,"name":"Shaded","section":"Shading Mode"},"sceneLighting":false,"audioPlay":false,"sceneViewState":{"showFog":true,"showMaterialUpdate":false,"showSkybox":false,"showFlares":true,"showImageEffects":true,"showParticleSystems":true},"in2DMode":false,"pivot":{"x":596.234130859375,"y":-29.408355712890626,"z":-36.2296142578125},"rotation":{"x":-0.05876973271369934,"y":-0.014377458952367306,"z":0.0008464623824693263,"w":-0.9981676936149597},"size":1043.2332763671875,"orthographic":false}