{"cameraMode":{"drawMode":0,"name":"Shaded","section":"Shading Mode"},"sceneLighting":false,"audioPlay":false,"sceneViewState":{"showFog":true,"showMaterialUpdate":false,"showSkybox":false,"showFlares":true,"showImageEffects":true,"showParticleSystems":true},"in2DMode":false,"pivot":{"x":491.495849609375,"y":160.24960327148438,"z":-10.79766845703125},"rotation":{"x":-0.05876973271369934,"y":-0.014377458952367306,"z":0.0008464623824693263,"w":-0.9981676936149597},"size":1411.2806396484375,"orthographic":false}