{"cameraMode":{"drawMode":0,"name":"Shaded","section":"Shading Mode"},"sceneLighting":false,"audioPlay":false,"sceneViewState":{"showFog":true,"showMaterialUpdate":false,"showSkybox":false,"showFlares":true,"showImageEffects":true,"showParticleSystems":true},"in2DMode":false,"pivot":{"x":-0.3830620050430298,"y":0.021691322326660157,"z":-4.639676094055176},"rotation":{"x":0.011554227210581303,"y":-0.9758788347244263,"z":0.2113802582025528,"w":0.05334261804819107},"size":15.661531448364258,"orthographic":false}