{"cameraMode":{"drawMode":0,"name":"Shaded","section":"Shading Mode"},"sceneLighting":false,"audioPlay":false,"sceneViewState":{"showFog":true,"showMaterialUpdate":false,"showSkybox":false,"showFlares":true,"showImageEffects":true,"showParticleSystems":true},"in2DMode":false,"pivot":{"x":566.9976196289063,"y":244.87579345703126,"z":16.4212646484375},"rotation":{"x":-0.007789979688823223,"y":0.07103458791971207,"z":-0.0005548393819481134,"w":-0.9974433183670044},"size":874.9694213867188,"orthographic":false}