{"cameraMode":{"drawMode":0,"name":"Shaded","section":"Shading Mode"},"sceneLighting":false,"audioPlay":false,"sceneViewState":{"showFog":true,"showMaterialUpdate":false,"showSkybox":false,"showFlares":true,"showImageEffects":true,"showParticleSystems":true},"in2DMode":false,"pivot":{"x":417.11566162109377,"y":372.1498107910156,"z":337.13824462890627},"rotation":{"x":0.00868870597332716,"y":0.01859545335173607,"z":0.00016161930398084223,"w":-0.9997893571853638},"size":1329.585693359375,"orthographic":false}