{"cameraMode":{"drawMode":0,"name":"Shaded","section":"Shading Mode"},"sceneLighting":false,"audioPlay":false,"sceneViewState":{"showFog":true,"showMaterialUpdate":false,"showSkybox":false,"showFlares":true,"showImageEffects":true,"showParticleSystems":true},"in2DMode":false,"pivot":{"x":1058.479736328125,"y":16.2120361328125,"z":813.2330932617188},"rotation":{"x":-0.1055576503276825,"y":-0.13914451003074647,"z":0.014918818138539791,"w":-0.9845170974731445},"size":1956.379638671875,"orthographic":false}