{"cameraMode":{"drawMode":0,"name":"Shaded","section":"Shading Mode"},"sceneLighting":false,"audioPlay":false,"sceneViewState":{"showFog":true,"showMaterialUpdate":false,"showSkybox":false,"showFlares":true,"showImageEffects":true,"showParticleSystems":true},"in2DMode":false,"pivot":{"x":509.9491882324219,"y":226.3281707763672,"z":881.1339721679688},"rotation":{"x":-0.01980830542743206,"y":-0.0009027534397318959,"z":0.000017861955711850896,"w":-0.9998034238815308},"size":1671.0753173828125,"orthographic":false}