{"cameraMode":{"drawMode":0,"name":"Shaded","section":"Shading Mode"},"sceneLighting":false,"audioPlay":false,"sceneViewState":{"showFog":true,"showMaterialUpdate":false,"showSkybox":false,"showFlares":true,"showImageEffects":true,"showParticleSystems":true},"in2DMode":false,"pivot":{"x":649.2047119140625,"y":420.1826477050781,"z":-256.333984375},"rotation":{"x":0.02217971161007881,"y":-0.027892762795090677,"z":-0.000619113037828356,"w":-0.9993646144866943},"size":705.9978637695313,"orthographic":false}