{"cameraMode":{"drawMode":0,"name":"Shaded","section":"Shading Mode"},"sceneLighting":false,"audioPlay":false,"sceneViewState":{"showFog":true,"showMaterialUpdate":false,"showSkybox":false,"showFlares":true,"showImageEffects":true,"showParticleSystems":true},"in2DMode":false,"pivot":{"x":576.425048828125,"y":270.89996337890627,"z":0.0},"rotation":{"x":-0.1645573228597641,"y":-0.0023700285237282516,"z":0.00039537445991300046,"w":-0.9863646626472473},"size":1068.7979736328125,"orthographic":false}