{"cameraMode":{"drawMode":0,"name":"Shaded","section":"Shading Mode"},"sceneLighting":false,"audioPlay":false,"sceneViewState":{"showFog":true,"showMaterialUpdate":false,"showSkybox":false,"showFlares":true,"showImageEffects":true,"showParticleSystems":true},"in2DMode":false,"pivot":{"x":576.425048828125,"y":270.89996337890627,"z":0.0},"rotation":{"x":-0.024278825148940088,"y":0.04856362193822861,"z":-0.0011808447306975723,"w":-0.9985242486000061},"size":1156.08154296875,"orthographic":false}