{"cameraMode":{"drawMode":0,"name":"Shaded","section":"Shading Mode"},"sceneLighting":false,"audioPlay":false,"sceneViewState":{"showFog":true,"showMaterialUpdate":false,"showSkybox":false,"showFlares":true,"showImageEffects":true,"showParticleSystems":true},"in2DMode":false,"pivot":{"x":565.9404296875,"y":145.57156372070313,"z":613.4425048828125},"rotation":{"x":-0.07068544626235962,"y":-0.042782045900821689,"z":0.00303450389765203,"w":-0.996576189994812},"size":1523.76416015625,"orthographic":false}