{"cameraMode":{"drawMode":0,"name":"Shaded","section":"Shading Mode"},"sceneLighting":false,"audioPlay":false,"sceneViewState":{"showFog":true,"showMaterialUpdate":false,"showSkybox":false,"showFlares":true,"showImageEffects":true,"showParticleSystems":true},"in2DMode":false,"pivot":{"x":515.096435546875,"y":142.115966796875,"z":900.632568359375},"rotation":{"x":-0.11252684891223908,"y":-0.027722517028450967,"z":0.0031406141351908447,"w":-0.9932569265365601},"size":1817.4730224609375,"orthographic":false}