{"cameraMode":{"drawMode":0,"name":"Shaded","section":"Shading Mode"},"sceneLighting":false,"audioPlay":false,"sceneViewState":{"showFog":true,"showMaterialUpdate":false,"showSkybox":false,"showFlares":true,"showImageEffects":true,"showParticleSystems":true},"in2DMode":false,"pivot":{"x":889.045166015625,"y":188.40927124023438,"z":574.4396362304688},"rotation":{"x":-0.09316018968820572,"y":-0.01732625998556614,"z":0.0016214093193411828,"w":-0.9954990744590759},"size":1458.43310546875,"orthographic":false}