{"cameraMode":{"drawMode":0,"name":"Shaded","section":"Shading Mode"},"sceneLighting":false,"audioPlay":false,"sceneViewState":{"showFog":true,"showMaterialUpdate":false,"showSkybox":false,"showFlares":true,"showImageEffects":true,"showParticleSystems":true},"in2DMode":false,"pivot":{"x":613.4720458984375,"y":248.52752685546876,"z":452.2415771484375},"rotation":{"x":-0.1185063049197197,"y":0.019954200834035875,"z":-0.0023819413036108019,"w":-0.9927499294281006},"size":1392.8035888671875,"orthographic":false}